aaa,1111,홍길동,동동이,1776 Russell Junction,60000000
bbb,2222,유관순,순이,6 Mockingbird Way,50000000
ccc,3333,이순신,신라면,18 Vera Crossing,90000000
adyos3,1589,Ambrosio,Dyos,4560 Vermont Alley,80000000
dblaker4,8336,Darla,Blaker,815 Ruskin Junction,100000000
wmcgraffin5,3045,Wilfrid,McGraffin,70 Bashford Circle,60000000
ctirrey6,4794,Caprice,Tirrey,7 Dapin Plaza,60000000
eglyssanne7,5808,Elyse,Glyssanne,014 Elgar Court,90000000
rpevie8,2483,Reidar,Pevie,0834 Quincy Street,70000000
bopenshaw9,7432,Beryle,Openshaw,77453 Delaware Street,70000000
breadera,6868,Brier,Reader,51719 Kim Way,90000000
mkissb,7886,Maye,Kiss,2 Mallard Avenue,90000000
mfugerec,5219,Melodie,Fugere,9122 Gateway Road,100000000
lainsworthd,1189,Leda,Ainsworth,82257 Kedzie Center,60000000
bbonwelle,8151,Bernita,Bonwell,679 Cascade Center,50000000
jspraggef,5463,Jedidiah,Spragge,5569 Summit Road,100000000
rslefordg,1013,Ralina,Sleford,73748 Melody Circle,100000000
mdominguesh,2382,Millisent,Domingues,9 Loeprich Lane,70000000
krishmani,5018,Kellen,Rishman,3 Westridge Trail,90000000
mkumaarj,6879,Max,Kumaar,0678 Farragut Plaza,90000000
